OBJECTID,Speed (km/h),Direction of travel (°),Compass reading (°),Position source type,Receiver Name,Horizontal Accuracy (m),Vertical Accuracy (m),Latitude,Longitude,Altitude,PDOP,HDOP,VDOP,Fix Type,Correction Age,Station ID,Number of Satellites,Fix Time,Average Horizontal Accuracy (m),Average Vertical Accuracy (m),Averaged Positions,Standard Deviation (m),GlobalID,Survey Time and Date,Observer4,Observer3,Observer2,Observer1,Longitude,Latitude,Other water quality notes,pH,Specific Conductivity Unit,Specific Conductivity,Dissolved Oxygen Unit,Dissolved Oxygen,Water Temperature,Water Temperature Unit,Instrument Used,Stream Width,Fish Habitat Features 1,Sub Dominant Substrate,Dominant Substrate,Stream Width Unit,Fish Habitat Features 2,Gradient Unit,Gradient,FRPA Barrier?,On Main Channel?,Channel Type,Survey end reason,Fish Survey Performed?,Stream physical characteristics notes,Fish capture data notes,Minnow trap effort notes,Eletrofishing effort notes,Trap position,Trap quantity,Trap deployment time,Fish present?,End of survey?,Trap check time,Fish Count 1,Fish Life Stage 1,Fish Species 1,Electrofishing End Time,Electrofishing Start Time,Fish Life Stage 2,Fish Species 2,Fish Capture 1 Notes,Additional Fish Capture Data,Fish Capture 2 Notes,Fish Count 2,Fish Species 4,Fish Capture 3 Notes,Fish Count 3,Fish Life Stage 3,Fish Species 3,Fish Capture 6 Notes,Fish Count 6,Fish Life Stage 6,Fish Species 6,Fish Capture 5 Notes,Fish Count 5,Fish Life Stage 5,Fish Species 5,Fish Capture 4 Notes,Fish Count 4,Fish Life Stage 4,GPS Accuracy,Turbidity Observation Time,Turbidity Sample Collection Time,Turbidity,Stream Width 3,Stream Width 2,Gradient Facing Downstream,x,y
1,0,0,303.529136583926,2,Samsung SM-G991U,3.29,3.29,60.4836089833333,-151.058868583333,47.4,1,0.699999988079071,0.699999988079071,1,,,18,7/14/2025 6:58:09 PM,,,,,3779a7d6-3654-4a2b-a839-cfbab4eb5681,7/14/2025 6:58:31 PM,,,,ru,,,,,,,,,,,,,,,,,,,,,,,,,,,,,,,,,,,,,None,,,,,,,,,,,,,,,,,,,,,,,,,,,,,,,,-151.058868583291,60.4836089833584
2,0.183869373918071,,,2,iPhone SE 3,4.74865153019176,3.12601678522618,60.5212720981755,-150.859240389945,72.6363993864506,,,,,,,,7/20/2025 8:32:48 PM,,,,,413fc150-b358-4e6b-aaf6-1a5339b43b4f,7/20/2025 8:33:05 PM,,,TM,BM,,,,,,,,,,,,,,,,,,,,,,,,,Uppermost headwaters area of channel. Not included in NHD line. Barely visible stream flow. Unlikely fish occupancy.,,,,,,,,,,,,None,,,,,,,,,,,,,,,,,,,,,,,,,,,,,,,,-150.859240390226,60.52127209827
3,0,109.420541677709,71.9380798339844,2,iPhone SE 3,4.74865153019176,5.81265698079245,60.5202666344525,-150.86035073699,70.8245790079236,,,,,,,,7/20/2025 8:45:15 PM,,,,,8a5c19bc-5fc2-49fc-ac61-468cd193a669,7/20/2025 8:45:40 PM,,,TM,BM,,,,,,,,,,,,0-1,,,Fine Organic,ft,,%,0,,,,,,First observed location with flowing surface water definitely connected to NHD line. NHD line 400 feet downstream.  Too small and shallow for traps or electro Fisher,,,,,,,,,,,,None,,,,,,,,,,,,,,,,,,,,,,,,,,,,,,,,-150.860350736663,60.5202666345661
4,0,100.856528939745,206.004516601563,2,iPhone SE 3,4.74865153019176,4.79750343437751,60.5202457921517,-150.860424537235,73.7433241941035,,,,,,,,7/20/2025 9:13:53 PM,,,,,f09fed00-c0ef-4f4f-a3f4-006431b64d76,7/20/2025 8:45:40 PM,,,TM,BM,,,,5.64,Us/cm,51.8,Mg/l,4.81,11.8,C,Ysi proquatro,0-1,,,Fine Organic,ft,,%,0,,,,end of stream,Y,First observed location with flowing surface water definitely connected to NHD line. NHD line 400 feet downstream.  Too small and shallow for traps or electro Fisher. Deployed minnow traps.,,Most upstream trap location. Textbook example of uppermost extent of wetlands headwaters.,Stream too small two electro fish past this point,Most upstream,1,7/30/2025 9:10:00 PM,N,Y,7/20/2025 10:28:10 PM,,,None,7/20/2025 10:28:00 PM,7/20/2025 10:27:24 PM,,,,,,,,,,,,,,,,,,,,,,,,,,,,,,-150.860424536857,60.5202457920482
5,0.050003999999568,0,163.563646544941,2,Juniper Systems AR4,1.04292856898255,1.1,60.5201656666667,-150.860427666667,83.5,1.27999997138977,0.879999995231628,0.920000016689301,1,,,21,7/20/2025 9:25:44 PM,,,,,07392d65-7ca4-45c1-8fee-b9b35a9045b0,7/20/2025 9:25:50 PM,,,TM,BM,,,,,,,,,,,,,,,,,,,,,,,,,,,,,,1,7/20/2025 9:26:18 PM,,,7/20/2025 10:42:39 PM,,,None,,,,,,,,,,,,,,,,,,,,,,,,,,,,,,,,-150.860427666587,60.5201656666832
6,0.053707999999536,0,150.093953426164,2,Juniper Systems AR4,1.25602547744861,1.4,60.5200878333333,-150.860503333333,83.4,0.939999997615814,0.540000021457672,0.769999980926514,1,,,26,7/20/2025 9:28:46 PM,,,,,9687e0f2-1786-4b1e-8e63-d46b4554e2ac,7/20/2025 9:28:51 PM,,,,BM,,,,,,,,,,,,,,,,,,,,,,,,,,,,,,1,7/20/2025 9:29:03 PM,,,7/20/2025 10:41:25 PM,,,None,,,,,,,,,,,,,,,,,,,,,,,,,,,,,,,,-150.86050333348,60.5200878332918
7,0.209275999998192,0,135.310131911076,2,Juniper Systems AR4,0.870459648691426,1,60.5199826666667,-150.860682166667,82.8,0.949999988079071,0.529999971389771,0.779999971389771,2,,133,26,7/20/2025 9:30:26 PM,,,,,79b3294e-42ea-4573-9014-56ecec9f2581,7/20/2025 9:30:30 PM,,,,BM,,,,,,,,,,,,,,,,,,,,,,,,,,,,,,1,7/20/2025 9:30:45 PM,,,7/20/2025 10:40:11 PM,,,None,,,,,,,,,,,,,,,,,,,,,,,,,,,,,,,,-150.860682166494,60.5199826668706
8,0.10185999999912,0,52.8734847424984,2,Juniper Systems AR4,0.781024967590665,0.95,60.5199435,-150.860762,81.3,0.889999985694885,0.479999989271164,0.75,2,,131,31,7/20/2025 9:32:24 PM,,,,,96a57ac6-6f2f-46d7-b316-7a366fe5d85c,7/20/2025 9:32:27 PM,,,,BM,,,,,,,,,,,,1-2,,,,ft,,,,,,,,,,,,,,1,7/20/2025 9:32:45 PM,,,7/20/2025 10:38:37 PM,,,None,,,,,,,,,,,,,,,,,,,,,,,,,,,,,,,,-150.860761999773,60.5199434999825
9,0.033335999999712,0,110.404509630974,2,Juniper Systems AR4,1.69705627484771,2,60.5198751666667,-150.860827666667,82,0.870000004768372,0.469999998807907,0.730000019073486,1,,,31,7/20/2025 9:34:36 PM,,,,,8ebb2f62-d8e0-49ef-b51e-bbe2e7e3ff43,7/20/2025 9:34:55 PM,,,TM,bm,,,,,,,,,,,,2-4,,,Fine Organic,ft,,,,,,,,,"biofilmy pool, small",,,"stream likely too connected to soft banksides, juvenile fish easily scared away by footsteps?",,1,7/20/2025 9:35:19 PM,,,7/20/2025 10:36:35 PM,,,None,,7/20/2025 9:51:43 PM,,,,,,,,,,,,,,,,,,,,,,,,,,,,,,-150.860827666621,60.5198751668078
10,0,,164.96142578125,2,iPhone SE 3,4.74865153019176,4.02936443818856,60.5133439461336,-150.85989327184,69.8575888406485,,,,,,,,7/21/2025 12:31:49 AM,,,,,dd01f5ba-2176-4bb8-b543-db204c1daea9,7/21/2025 12:32:25 AM,,,,BM,,,,,,,,,,,,,,,,,,,,,,,,,Severely collapsed culvert. Upstream Entrance Angled up at approximately 30°. Caught fish upstream in summer 2023. Unclear how much longer fish passage will be viable.,,,,,,,,,,,,None,,,,,,,,,,,,,,,,,,,,,,,,,,,,,,,,-150.859893271401,60.5133439460281
11,0.090747999999216,0,275.53551064798,2,Juniper Systems AR4,1.37931142241337,1.7,60.6175083333333,-151.092390666667,29.6,1.12999999523163,0.639999985694885,0.930000007152557,1,,,26,7/27/2025 10:01:54 PM,,,,,1d05b98d-b0bf-426d-bfc0-91fcf4c8ccb1,7/27/2025 10:02:16 PM,,SY,SF,,,,,,,,,,,,,,,,,,,,,,,,,,,,,,Most downstream,1,7/27/2025 10:02:55 PM,,,7/29/2025 12:22:40 AM,,,None,,,,,,,,,,,,,,,,,,,,,,,,,,,,,,,,-151.092390667101,60.6175083332561
12,,,,5,,,,,,,,,,,,,,,,,,,61e6b5cb-f29d-4ad5-8a3e-48ee1061f7b1,7/27/2025 10:15:36 PM,,,,,,,,,,,,,,,,,,,,,,,,,,,,,,,Observed juvenile stickleback comma unable to capture photo,,,1,7/27/2025 10:15:47 PM,,,7/29/2025 12:27:11 AM,,,None,,,,,,,,,,,,,,,,,,,,,,,,,,,,,,,,-151.091918500011,60.6186671667768
13,0.042595999999632,0,248.880649600681,2,Juniper Systems AR4,1.28817700647077,1.8,60.6202111666667,-151.0914375,31.4,0.990000009536743,0.490000009536743,0.860000014305115,1,,,32,7/27/2025 10:27:21 PM,,,,,34a86d6e-721f-48c0-bb18-5188ab50492c,7/27/2025 10:27:33 PM,,,,,,,,,,,,,,,,,,,,,,,,,,,,,,,,,,1,7/27/2025 10:27:41 PM,,,,,,None,,,,,,,,,,,,,,,,,,,,,,,,,,,,,,,,-151.091437499787,60.6202111668466
14,0.131491999998864,0,1.48217004635637,2,Juniper Systems AR4,0.914166286842826,1.5,60.6221846666667,-151.090153333333,32.5,0.980000019073486,0.490000009536743,0.839999973773956,1,,,31,7/27/2025 10:55:33 PM,,,,,7cf39826-36dc-46da-93e0-63c5984052f8,7/27/2025 10:55:45 PM,,,,,,,,,,,,,,,,,,,,,,,,,,,,,,,,,,2,7/27/2025 10:55:53 PM,,,7/29/2025 1:00:44 AM,,juvenile,Gasterosteidae,,,,,,,,,,,,,,,,,,,,,,,,,,,,,,,,-151.090153332935,60.6221846664509
15,,,,1,,,,,,,,,,,,,,,,,,,eb7562ec-58a0-4e69-86ad-3e46798bc65f,7/27/2025 10:59:26 PM,,,,BM,,,,,,,,,,,,,,,,,,,,,,,,,,,,,,1,7/27/2025 10:59:39 PM,,,7/29/2025 1:02:50 AM,1,juvenile,Gasterosteidae,,,,,,,,,,,,,,,,,,,,,,,,,,,,,,,,-151.090121500235,60.6222674998185
16,0.072227999999376,0,12.5262732396691,2,Juniper Systems AR4,0.888144132446981,1.4,60.6223748333333,-151.090081666667,33.7,1.04999995231628,0.519999980926514,0.910000026226044,1,,,30,7/27/2025 11:01:20 PM,,,,,d8ac2a4d-fe49-41b3-bfd5-bb1a536b6f7a,7/27/2025 11:01:34 PM,,,,BM,,,,,,,,,,,,,,,,,,,,,,,end of water,Y,,,,,Most upstream,1,7/27/2025 11:01:47 PM,,Y,7/29/2025 1:04:28 AM,2,tadpole,Rana sylvatica,,,,,,Appears to be seasonal Flowing Channel Downstream of this point period Undefined Wetland area Upstream of this point period Likely flowing water after Rainy periods. Consider durveying again after heavy rains in fall.,,,,,,,,,,,,,,,,,,,,,,,,,,-151.09008166624,60.6223748335068
17,0.03703999999968,0,294.316543280467,2,Juniper Systems AR4,1.35882302011704,2.1,60.6206078333333,-151.091485166667,31.7,1.00999999046326,0.509999990463257,0.870000004768372,1,,,30,7/27/2025 11:24:50 PM,,,,,19513ee7-cc71-44b9-93c9-0dd1ca008ba2,7/27/2025 11:25:02 PM,,,,"BM, ",,,,,,,,,,,,,,,,,,,,,,,,,,,,,,1,7/27/2025 11:25:15 PM,,,7/29/2025 12:44:44 AM,,tadpole,NA,,,,,tadpole frog species unknown,,,,,,,,,,,,,,,,,,,,,,,,,,,-151.091485167091,60.6206078331563
18,0.061115999999472,0,295.383343696742,2,Juniper Systems AR4,1.2517587627015,2,60.6191638333333,-151.091797,31.3,0.980000019073486,0.490000009536743,0.850000023841858,1,,,31,7/27/2025 11:34:50 PM,,,,,ba4b2118-0d55-44d3-971d-ec0280484217,7/27/2025 11:35:02 PM,,,,bm,,,,,,,,,,,,,,,,,,,,,,,,Y,,,Juvenile stickleback observed comma could not capture photo,,,1,7/27/2025 11:35:15 PM,Y,N,7/29/2025 12:33:24 AM,1,,Rana sylvatica,,,juvenile,Gasterosteidae,,Most Upstream location where Visible flowing surface water is evident,,1,,,,,,,,,,,,,,,,,,,,,,,,-151.091797000174,60.6191638332369
19,0.044447999999616,0,75.8632526207901,2,Juniper Systems AR4,2.06155281280883,3.3,60.6150878333333,-151.086157,27.7,1.23000001907349,0.660000026226044,1.03999996185303,1,,,24,7/28/2025 7:21:29 PM,,,,,efe96578-8848-4fa3-9fa8-1314b6041a74,7/28/2025 7:21:34 PM,BR,AM,LS,BM,,,,,,,,,,,,,,,,,,,,,,,,Y,,,,"First Practice session with Electro Fisher. Used quick Start set up comma Maximum 330 volts comma reduced to 300 volts
",,,,,,,1,juvenile,Oncorhynchus tshawytscha,7/28/2025 8:16:06 PM,7/28/2025 7:22:23 PM,adult,Cottidae,Mortality,,,3,Gasterosteidae,,7,juvenile,Oncorhynchus mykiss,,,,,mortality,1,juvenile,Oncorhynchus mykiss,,,juvenile,,,,,,,,-151.086157000426,60.6150878335298
20,0.100007999999136,0,208.022225759233,2,Juniper Systems AR4,0.926174929481467,1.5,60.6124098333333,-151.095687166667,29.7,0.879999995231628,0.469999998807907,0.740000009536743,1,,,32,7/28/2025 9:54:21 PM,,,,,c53ee462-c12e-44be-aec7-bbec7d8d25b3,7/28/2025 9:55:30 PM,BR,Am,LS,Bm,,,,,,,,,,,,0-1,SWD,,Fine Organic,ft,,%,0,,N,,,N,Approximately one foot wide comma likely additional and adjumerous habitat Upstream ,,,,,,,,,,,,None,,,,,,,,,,,,,,,,,,,,,,,,,,,,,,,,-151.095687167088,60.6124098334616
21,,,,1,,,,,,,,,,,,,,,,,,,bc28481e-c93e-4aa8-bc08-725e7453e317,7/28/2025 10:29:19 PM,AM,LS,BR,BM,,,,,,,,,,,,1-2,SWD,Sand,Small Gravel,ft,,,0,,,,,Y,"At fork, not on NHD",,,Preceded 50 meters further Upstream Common not possible to electro fish Yes Comma Decided to work Downstream from this point,,,,Y,N,,,,None,,7/28/2025 10:53:51 PM,,,,,,,,,,,,,,,,,,,,,,,,,,,,,,-151.101867428021,60.6138270491459
22,0.068523999999408,0,254.184995000681,2,Juniper Systems AR4,1.01118742080783,1.3,60.6142543333333,-151.101662,37.3,0.920000016689301,0.46000000834465,0.800000011920929,1,,,32,7/28/2025 10:48:37 PM,,,,,49d217ef-37f8-4254-8cf0-b6834e435dab,7/28/2025 10:48:49 PM,,,,BM,,,,,,,,,,,,,LWD,,Fine Organic,,,,0,,,,,N,Mossy upwelling area Comma lots of overhanging vegetation and fallen trees Period Series of seeps coming out from Hillside Seems to be origin of this Stream channel,,,,,,,,,,,,None,,,,,,,,,,,,,,,,,,,,,,,,,,,,,,,,-151.101662000383,60.6142543333377
23,1.29084399998885,149.5,79.1798968590999,2,Juniper Systems AR4,0.923146792227542,1.3,60.6137856666667,-151.101816,35.8,0.879999995231628,0.449999988079071,0.75,1,,,32,7/28/2025 10:54:29 PM,,,,,72d0c16c-09ce-4ddb-8e97-23ff36360f86,7/28/2025 10:29:19 PM,AM,LS,BR,BM,,,,,,,,,,,,1-2,SWD,Sand,Small Gravel,ft,,,0,,,,,Y,"At fork, not on NHD",,,Preceded 50 meters further Upstream Common not possible to electro fish Yes Comma Decided to work Downstream from this point. Captured one Dolly varden Comma would expect to see more an adjuice species here If left minnow traps overnight,,,,Y,N,,,,None,7/28/2025 11:16:41 PM,7/28/2025 10:53:51 PM,,,,,,,,,,,,,,,,,,,,,,,,,,,,,,-151.101816000369,60.6137856666128
24,0.01851999999984,0,179.830315789217,2,Juniper Systems AR4,0.764002617796562,1.1,60.5524128333333,-150.757427166667,71.7,0.870000004768372,0.479999989271164,0.730000019073486,2,,133,32,7/29/2025 10:13:30 PM,,,,,ed9a2af4-fd4a-49cf-ab37-3a062707fe65,7/29/2025 10:13:55 PM,,BR,LS,,,,,,,,,,,,,0-1,,,Fine Organic,ft,,%,1,,,,,,Walked out here for checking if it was good to e.fish. There was so much vegation that it was impossible to do. Return to survey with minnow traps.,,,,,,,,,,,,None,,,,,,,,,,,,,,,,,,,,,,,,,,,,,,,,-150.75742716669,60.5524128332384
25,0.192780093279082,,20.3838901519775,2,iPhone SE 3,4.74865153019176,3.6198514369254,60.7980731800279,-149.190451667387,305.414317997172,,,,,,,,7/30/2025 9:53:19 PM,,,,,4ccbd5e8-cf6a-4d98-9a4f-fb2dfb4e1aea,7/30/2025 9:53:23 PM,,Br,Jb,Bm,,,,,,,,,,,,,,Cobble,Large Gravel,,,,,,Y,,end of water,Y,"Last observed fish and gradient measurement spot. Upstream gradient 0.8° at 35 m, downstream gradient -0.6° at 67 m. Estimated channel with 1.5 m, 2 m, and 3 m.",,,,,,,Y,Y,,,,None,,,,,,See nearest downstream point for fish capture details,,,,,,,,,,,,,,,,,,,,,,,,,,-149.190451667099,60.7980731802086
26,0.103711999999104,0,48.722314331018,2,Juniper Systems AR4,2.22036033111745,3.3,60.4836546666667,-151.058816833333,38.5,1.21000003814697,0.589999973773956,1.03999996185303,1,,,31,7/31/2025 3:15:35 AM,,,,,57b30953-c435-4ef1-8f10-20bc8ea06a07,7/30/2025 3:16:12 PM,,,,,,,,,,,,,,,,,,,,,,,,,,,,,,,,,,,,,,,,,None,,,,,,,,,,,,,,,,,,,,,,,,,,,,,,,,-151.058816833144,60.4836546668301
27,0.15741999999864,0,106.714554573388,2,Juniper Systems AR4,1.29189782877749,1.9,60.7957461666667,-149.197589833333,322.6,1.30999994277954,0.730000019073486,1.10000002384186,1,,,20,7/30/2025 7:10:40 PM,,,,,02a24b90-f13c-40fc-8e7f-6c8ec016a9c7,7/30/2025 7:10:45 PM,,br,jb,bm,,,,,,,,,,,,4-6,Large Pool,Cobble,Large Gravel,ft,,,,,Y,,,Y,,,,BR using backpack,,,,Y,N,,1,juvenile,Oncorhynchus kisutch,7/30/2025 7:33:48 PM,7/30/2025 7:12:42 PM,juvenile,Salvelinus malma,,,,2,,,,,,,,,,,,,,,,,,,,,,,,-149.197589833061,60.7957461664763
28,0.89821999999224,99.35,102.486619665826,2,Juniper Systems AR4,0.944933860119321,1.4,60.7960016666667,-149.197044166667,320.4,0.889999985694885,0.479999989271164,0.75,1,,,31,7/30/2025 7:44:59 PM,,,,,b2847aa4-7f32-4c9f-8afb-a83bb77688b0,7/30/2025 7:44:07 PM,,,,,,,,,,,,,,,,2-4,Large Pool,,Cobble,ft,,,,,,,,,,,,observe group of seven or eight dv and coho,,,,,,,1,juvenile/adult,Oncorhynchus kisutch,7/30/2025 7:51:31 PM,7/30/2025 7:45:09 PM,juvenile/adult,Salvelinus malma,,,,1,,,,,,,,,,,,,,,,,,,,,,,,-149.197044166713,60.7960016668789
29,0.077783999999328,0,90.1323988913497,2,Juniper Systems AR4,1.08903627120496,1.4,60.7962438333333,-149.196412333333,321.8,0.990000009536743,0.540000021457672,0.829999983310699,1,,,29,7/30/2025 8:05:46 PM,,,,,b0b6ff88-d06c-46af-b0f5-2451140b284b,7/30/2025 8:05:52 PM,,,,,,,,,,,,,,,,,,,,,,,,,,,,Y,,,,,,,,Y,N,,1,juvenile,Oncorhynchus kisutch,7/30/2025 8:06:13 PM,7/30/2025 8:06:10 PM,,,,,,,,,,,,,,,,,,,,,,,,,,,,,,-149.196412333064,60.7962438333778
30,0.042595999999632,0,177.338949647941,2,Juniper Systems AR4,1.84390889145858,2.5,60.7963848333333,-149.195572166667,323.5,1.01999998092651,0.550000011920929,0.870000004768372,1,,,29,7/30/2025 8:15:14 PM,,,,,85571885-b7f1-4af7-9e27-f96d9fc2bd20,7/30/2025 8:16:31 PM,,jb,br,,,,,,,,,,,,,2-4,,Small Gravel,Cobble,ft,,,,,Y,,,Y,,,,,,,,Y,N,,2,juvenile,Oncorhynchus kisutch,7/30/2025 8:36:12 PM,7/30/2025 8:17:32 PM,,,,,,,,,,,,,,,,,,,,,,,,,,,,,,-149.195572166627,60.796384833452
31,0.022223999999808,0,65.2386543102143,2,Juniper Systems AR4,2.33452350598575,3,60.7964421666667,-149.1943195,325,1.77999997138977,1.17999994754791,1.33000004291534,1,,,11,7/30/2025 8:30:30 PM,,,,,d4104369-fc9d-4ba9-b0b3-8930d1c94c93,7/30/2025 8:30:47 PM,,jb,br,,,,,,,,,,,,,2-4,Large Pool,Small Gravel,Large Gravel,ft,,,,,,,,Y,,,,,,,,Y,N,,,,None,7/30/2025 8:25:49 PM,7/30/2025 8:31:39 PM,,,,,,,,,,,,,,,,,,,,,,,,,,,,,,-149.194319500099,60.7964421667126
32,0.112971999999024,0,262.497109824344,2,Juniper Systems AR4,2.22036033111745,2.8,60.797248,-149.192795333333,326.9,1.85000002384186,1.04999995231628,1.52999997138977,1,,,14,7/30/2025 8:46:16 PM,,,,,e6056b11-30fe-45f2-a8a1-8128b4fcbd48,7/30/2025 8:47:40 PM,,jb,br,,,,,,,,,,,,,2-4,,Small Gravel,Cobble,ft,,,,,,,,Y,,,,,,,,Y,N,,1,juvenile,Oncorhynchus kisutch,7/30/2025 8:40:43 PM,7/30/2025 8:48:34 PM,,,,,,,,,,,,,,,,,,,,,,,,,,,,,,-149.192795333048,60.797248000059
33,0.06481999999944,0,179.859726583783,2,Juniper Systems AR4,0.926174929481467,1.4,60.7981191666667,-149.190669,326.6,1.07000005245209,0.519999980926514,0.910000026226044,1,,,28,7/30/2025 9:04:09 PM,,,,,e7733370-8bc8-4517-b5cf-09f8671153d5,7/30/2025 9:04:37 PM,,jb,br,,,,,,,,,,,,,4-6,Large Pool,Silt,Cobble,ft,,,,,,,,Y,,,,,,,,Y,N,,1,juvenile,Oncorhynchus kisutch,7/30/2025 9:05:55 PM,7/30/2025 9:00:50 PM,juvenile,Salvelinus malma,,,,1,,,,,,,,,,,,,,,,,,,,,,,,-149.190669000109,60.7981191665113
34,0.059263999999488,0,230.741033202962,2,Juniper Systems AR4,1.48660687473185,2.1,60.4836668333333,-151.058852333333,37.7,1.12999999523163,0.660000026226044,0.959999978542328,1,,,32,7/31/2025 3:33:32 AM,,,,,05fc8423-1707-4784-9e0d-df321a9d8ac3,7/30/2025 3:34:04 PM,,,,,,,,,,,,,,,,,,,,,,,,,,,,,,,,,,,,,,,,,None,,,,,,,,,,,,,,,,,,,,,,,,,,,,,,,,-151.058852333666,60.4836668332046
35,0,251.364449520959,293.650543212891,2,iPhone SE 3,8.2600299091828,12.6565258132469,60.8031739662975,-149.201819101208,314.411262001842,,,,,,,,7/31/2025 9:32:08 PM,,,,,717734fa-df75-48f2-b49e-dbf5a7517d66,7/31/2025 9:32:58 PM,St,Ls,BR,,,,,,,,,,,,,1-2,SWD,Large Gravel,Cobble,ft,,,,,Y,,,Y,,,,,,,,Y,N,,3,juvenile,Salvelinus malma,7/31/2025 9:35:45 PM,7/31/2025 9:32:00 PM,,,,,,,,,,,,,,,,,,,,,,,,,,,,,,-149.201819101418,60.8031739661773
36,0,69.3026605285398,346.142181396484,2,iPhone SE 3,4.26070773922993,11.5854094009106,60.8034507781665,-149.201317096973,316.503140667453,,,,,,,,7/31/2025 9:42:51 PM,,,,,43ebaf6f-94a1-4f94-80a7-9fa1ad882e82,7/31/2025 9:46:57 PM,St,Ls,Br,,,,,,,,,,,,,2-4,SWD,Small Gravel,Large Gravel,ft,,,,,,,,Y,,,,,,,,Y,N,,4,juvenile,Salvelinus malma,7/31/2025 9:50:29 PM,7/31/2025 9:47:00 PM,,,,,,,,,,,,,,,,,,,,,,,,,,,,,,-149.201317096786,60.8034507781268
37,0,,138.643920898438,2,iPhone SE 3,12.3371543695398,12.6615673354212,60.8035789399153,-149.20125061935,319.800434589386,,,,,,,,7/31/2025 10:00:15 PM,,,,,99eab655-1ceb-42ef-8747-c09e798ea4cf,7/31/2025 10:00:32 PM,,,,Bm,,,,,,,,,,,,2-4,,Large Gravel,Cobble,ft,,,,,,,,,,,,Returned back downhill to last known AWC point due to very challenging vegetation,,,,,,,2,juvenile,Salvelinus malma,7/31/2025 10:01:16 PM,7/31/2025 9:57:00 PM,,,,,,,,,,,,,,,,,,,,,,,,,,,,,,-149.201250619659,60.8035789399961
38,0,,231.911071777344,2,iPhone SE 3,4.93764887925202,6,60.8019742101944,-149.202574834482,308.764980316162,,,,,,,,7/31/2025 10:25:03 PM,,,,,44ee3be2-352a-433c-bf48-931499c81429,7/31/2025 10:25:09 PM,,,,Bm,,,,,,,,,,,,2-4,,Small Gravel,Large Gravel,ft,,,,,Y,,,,,,,355v,,,,,,,9,juvenile,Salvelinus malma,7/31/2025 10:25:53 PM,7/31/2025 10:20:00 PM,,,,,,,,,,,,,,,,,,,,,,,,,,,,,,-149.202574834304,60.8019742103104
39,0,8.7890625,328.722534179688,2,iPhone SE 3,3.53479652992231,3,60.8023024265485,-149.202392704676,304.373500823975,,,,,,,,7/31/2025 10:38:53 PM,,,,,2ff7f66b-0540-43ef-8cbc-6fc8988a69ec,7/31/2025 10:38:56 PM,,,,Bm,,,,,,,,,,,,2-4,SWD,Large Gravel,Cobble,ft,,,,,Y,,,Y,,,,,,,,Y,N,,8,juvenile,Salvelinus malma,7/31/2025 10:40:32 PM,7/31/2025 10:35:00 PM,,,One Dolly varden that looks no more than a few weeks old,,,,,,,,,,,,,,,,,,,,,,,,,,,-149.202392704473,60.8023024267097
40,0,,288.901550292969,2,iPhone SE 3,4.74865153019176,4.02936443818856,60.8027937776047,-149.201802788441,306.934413986281,,,,,,,,7/31/2025 11:02:16 PM,,,,,542ced03-1394-47ea-889b-9820b1908bc1,7/31/2025 11:02:19 PM,,,,Bm,,,,,,,,,,,,2-4,,Large Gravel,Cobble,ft,,,,,,,see notes,Y,,,,,,,,Y,Y,,,,None,7/31/2025 11:05:28 PM,7/31/2025 11:00:00 PM,,,,Electro fish upstream of last known AWC point. Captured only Dolly Varden at all points in the survey.,,,,,,,,,,,,,,,,,,,,,,,,,,-149.201802788013,60.8027937774246
41,0,,36.3671073913574,2,iPhone SE 3,4.74865153019176,4.02936443818856,60.8003364550519,-149.200931741064,300.217739181593,,,,,,,,7/31/2025 11:26:24 PM,,,,,86128ff4-ac7b-4aec-ad1e-c733705128d5,7/31/2025 11:26:43 PM,,,,Bm,,,,,,,,,,,,,,,,,,,,,,,,N,,,,,,,,Y,N,,,,None,,,,,,No fish survey performed. Visually observed juvenile fish moving. Saw one dead juv coho. Examined anal Finn and adipose Finn to confirm species.,,,,,,,,,,,,,,,,,,,,,,,,,,-149.200931741089,60.8003364549796
42,0,,101.418533325195,2,iPhone SE 3,4.74865153019176,4.02936443818856,60.4836548679143,-151.057820180572,14.4572468558326,,,,,,,,8/6/2025 12:26:59 AM,,,,,9c8b2335-4f9a-4346-b630-1083bd09ee12,8/6/2025 12:27:07 AM,,Cv,Ls ,Bm,,,,,,,,,,,,,,,,,,,,,,,,Y,,,Set traps out for educational purposes for Wednesday market tomorrow,,,4,8/6/2025 12:28:48 AM,,,,,,None,,,,,,Observed busy family building dam just downstream of our location. Good reminder to write grant for new walkway!,,,,,,,,,,,,,,,,,,,,,,,,,,-151.057820180184,60.4836548677589
43,,,,1,,,,,,,,,,,,,,,,,,,0acb5264-c2a7-4b88-9ed6-ae1cbd85d1b1,8/7/2025 11:48:35 PM,,,,,,,,,,,,,,,,,,,,,,,,,,,,,Request to visit this site from Janette cadieux,,,,,,,,,,,,None,,,,,,,,,,,,,,,,,,,,,,,,,,,,,,,,-149.716090663317,60.48983684136
44,0.150011999998704,0,105.656619742656,2,Juniper Systems AR4,0.658559033041078,1.1,60.5294026666667,-151.081506166667,32,0.930000007152557,0.479999989271164,0.790000021457672,2,,133,32,8/8/2025 7:30:47 PM,,,,,180f51b4-ea47-466b-8ad2-102d927ad7c0,8/7/2025 7:31:51 PM,jc,nz,lz,bm,,,,,,,,,,,,1-2,SWD,Fine Organic,Clay,ft,,,,,,,,Y,,,,,Most downstream,1,8/7/2025 7:35:59 PM,,,8/9/2025 12:53:04 AM,,,None,,,,,,,,,,,,,,,,,,,,,,,,,,,,,,,,-151.081506167079,60.5294026665651
45,0.040743999999648,0,302.430124995525,2,Juniper Systems AR4,0.566127194188726,0.91,60.5294728333333,-151.0813845,33,1.04999995231628,0.519999980926514,0.910000026226044,2,,131,32,8/8/2025 7:36:43 PM,,,,,0e9d7faf-f65a-476a-8325-70be8ade5013,8/7/2025 7:37:15 PM,,,,,,,,,,,,,,,,,,,,,,,,,,,,,,,,,,,8/7/2025 7:37:23 PM,,,8/9/2025 12:55:31 AM,,,None,,,,,,,,,,,,,,,,,,,,,,,,,,,,,,,,-151.081384500155,60.5294728331745
46,0.924147999992016,336.89,17.6355159935744,2,Juniper Systems AR4,0.657647321898295,1.1,60.529586,-151.081322833333,34.3,1.12000000476837,0.540000021457672,0.970000028610229,2,,131,32,8/8/2025 7:38:25 PM,,,,,41a38059-f133-4ea5-913d-9cac98cdd654,8/7/2025 7:39:22 PM,,,,,,,,,,,,,,,,,,,,,,,,,,,,,,,,,,2,8/8/2025 7:39:33 AM,,,8/9/2025 12:54:41 AM,,,None,,,,,,,,,,,,,,,,,,,,,,,,,,,,,,,,-151.081322833505,60.5295859998577
47,0.125935999998912,0,41.9372761265137,2,Juniper Systems AR4,0.651920240520265,1.1,60.5296468333333,-151.0813005,33.9,0.939999997615814,0.479999989271164,0.810000002384186,2,,131,32,8/8/2025 7:39:20 PM,,,,,21f3345a-1581-4b9c-82b3-a3c466513dd1,8/7/2025 7:40:56 PM,,,,,,,,,,,,,,,,,,,,,,,,,,,,,,,,,,2,8/7/2025 7:40:09 PM,,,8/9/2025 12:57:18 AM,,,None,,,,,,,,,,,,,,,,,,,,,,,,,,,,,,,,-151.081300499591,60.5296468334764
48,0.090747999999216,0,317.233689172409,2,Juniper Systems AR4,3.4,4.5,60.5419361666667,-151.101186666667,14.3,0.959999978542328,0.529999971389771,0.800000011920929,1,,,32,8/8/2025 8:47:54 PM,,,,,1a437f76-a261-4b91-9940-2b689a5eb942,8/8/2025 8:48:52 PM,,,,bm,,,,,,,,,,,,,,,,,,,,,,,,,,,,,,1,8/8/2025 8:48:59 PM,,,8/8/2025 11:03:04 PM,,,None,,,,,,"minnow trap event for education/exploratory purposes, not an end of anadromy survey",,,,,,,,,,,,,,,,,,,,,,,,,,-151.101186666732,60.5419361666829
49,0.2777999999976,0,237.974176213248,2,Juniper Systems AR4,1.00498756211209,1.4,60.541878,-151.101230166667,10.1,0.910000026226044,0.490000009536743,0.759999990463257,1,,,32,8/8/2025 8:48:47 PM,,,,,b61bfdaa-83b8-493b-8d39-63b2fd5465e0,8/8/2025 8:49:21 PM,,,,bm,,,,,,,,,,,,,,,,,,,,,,,,,,,,,,1,8/8/2025 8:49:29 PM,,,8/8/2025 11:04:33 PM,,,None,,,,,,,,,,,,,,,,,,,,,,,,,,,,,,,,-151.101230166751,60.5418780002095
50,0.042595999999632,0,253.451548797037,2,Juniper Systems AR4,0.927631392310545,1.3,60.5418363333333,-151.101235666667,11.2,0.889999985694885,0.529999971389771,0.720000028610229,1,,,32,8/8/2025 8:49:29 PM,,,,,9b307a67-8d62-4773-bb47-7c4b228a2ab6,8/8/2025 8:50:39 PM,,,ojp,,,,,,,,,,,,,,,,,,,,,,,,,,,,,,,1,8/8/2025 8:50:51 PM,,,8/8/2025 11:05:57 PM,,,None,,,,,,,,,,,,,,,,,,,,,,,,,,,,,,,,-151.101235666238,60.5418363332576
51,0.087043999999248,0,141.014309754899,2,Juniper Systems AR4,0.846463230152379,1.2,60.5417883333333,-151.101223666667,10.5,0.889999985694885,0.479999989271164,0.75,1,,,32,8/8/2025 8:50:48 PM,,,,,5eba61f2-46fb-4721-9d8a-91d972f9a37d,8/8/2025 8:51:11 PM,,,,ojp,,,,,,,,,,,,,,,,,,,,,,,,,,,,,,1,8/8/2025 8:51:20 PM,,,8/8/2025 11:05:24 PM,,,None,,,,,,,,,,,,,,,,,,,,,,,,,,,,,,,,-151.101223666542,60.5417883333183
52,0.070375999999392,0,323.368500198117,2,Juniper Systems AR4,0.830963296421689,1.2,60.5417881666667,-151.1012575,11.9,0.949999988079071,0.560000002384186,0.790000021457672,1,,,31,8/8/2025 8:52:20 PM,,,,,f3f0e9c4-6434-4b8e-a6ce-9db5b017fdc7,8/8/2025 8:52:52 PM,,,,ojp,,,,,,,,,,,,,,,,,,,,,,,,,,,,,,1,8/8/2025 8:53:02 PM,,,8/8/2025 11:05:10 PM,,,None,,,,,,,,,,,,,,,,,,,,,,,,,,,,,,,,-151.101257499791,60.5417881667668
53,0.007407999999936,0,166.510654605748,2,Juniper Systems AR4,0.860523096726637,1.3,60.541707,-151.101298166667,10.7,0.889999985694885,0.5,0.740000009536743,1,,,32,8/8/2025 8:53:25 PM,,,,,f1f294f7-7bcd-4f70-9f0e-61b75a30cc48,8/8/2025 8:54:21 PM,,,,ojp,,,,,,,,,,,,,,,,,,,,,,,,,,,,,,1,8/8/2025 8:54:31 PM,,,8/8/2025 11:06:35 PM,,,None,,,,,,,,,,,,,,,,,,,,,,,,,,,,,,,,-151.101298166524,60.5417069999622
54,0.016667999999856,0,95.8801533420772,2,Juniper Systems AR4,0.846286003665427,1.4,60.537523,-151.092986166667,21.1,0.970000028610229,0.479999989271164,0.839999973773956,1,,,32,8/8/2025 10:33:13 PM,,,,,6e9161fe-c945-4522-947e-2f3b6734e968,8/8/2025 10:23:23 AM,ls,ojp,nz,bm,,,,,,,,,,,,2-4,,,,,,,,,,,,,,,,electriofish from downstream side of Culvert to upstream for educational and training purposes,,,,,,,1,juvenile,Oncorhynchus mykiss,8/8/2025 10:24:42 AM,8/8/2025 10:15:39 AM,juvenile,Oncorhynchus tshawytscha,,,,2,Cottidae,,1,juvenile,Oncorhynchus kisutch,,,,,,,,,less than 30mm,5,juvenile,,,,,,,,-151.092986166591,60.5375230001773
55,0,,100.726150512695,2,iPhone SE 3,4.74865153019176,8.05872887637706,60.7413154515075,-149.258106546615,236.612049180083,,,,,,,,7/31/2025 7:05:59 PM,,,,,ff36a744-6e24-4ccc-8f1c-08d1237ee8f2,7/31/2025 7:06:17 PM,Br,St,Ls,Bm,,,,,,,,,,,,,,,,,,,,,,,,,"Pools, lots of large woody debris",,"Opportunistic minnow trap set, not full end of anatomy survey",,,4,7/31/2025 12:06:00 AM,,,,5,juvenile,Salvelinus malma,,,,,,,,,,,,,,,,,,,,,,,,,,,,,,,,-149.258106546279,60.7413154515577
56,0,167.065003113108,178.318267822266,2,iPhone SE 3,4.74865153019176,5.18398871215485,60.7414343792093,-149.259513932357,234.991038709879,,,,,,,,7/31/2025 7:08:50 PM,,,,,c0ecf26f-9785-47a0-a5f6-a1f36f051020,7/31/2025 7:08:53 PM,St,Ls,Br,Bm,,,,,,,,,,,,,,,,,,,,,,,,,,,,,,2,7/30/2025 12:14:00 PM,,,,2,juvenile,Salvelinus malma,,,,,Both Over 150 mm FL,,,,,,,,,,,,,,,,,,,,,,,,,,,-149.259513932343,60.7414343794077
57,0,340.3125,,2,iPhone SE 3,3.53553390593274,6,60.7415854745179,-149.260157849779,234.146595001221,,,,,,,,7/31/2025 7:11:31 PM,,,,,417b6767-4697-4213-83b2-c71e2242e50e,7/31/2025 7:12:18 PM,Ls,St,Br,Bm,,,,,,,,,,,,,,,,,,,,,,,,,,,Downstream side of road ,,,4,7/31/2025 12:12:00 AM,,,,5,juvenile,Salvelinus malma,,,,,,,,,,,,,,,,,,,,,,,,,,,,,,,,-149.260157850129,60.7415854743461
58,0.072227999999376,0,164.578271146146,2,Juniper Systems AR4,1.56080107637072,2.1,60.5185531666667,-150.865639666667,76.3,1,0.550000011920929,0.829999983310699,1,,,27,7/29/2025 6:55:11 PM,,,,,e6d4566c-b9f0-42f9-81bd-fd121066c3f5,7/29/2025 6:55:15 PM,,BR,LS,BM,,,,,,,,,,,,1-2,SWD,Sand,Fine Organic,ft,,,,,,,,Y,,,,,,,,,N,,,,None,,7/29/2025 6:57:28 PM,,,,,,,,,,,,,,,,,,,,,,,,,,,,,,-150.865639666713,60.5185531665679
59,0.02777999999976,0,294.676890400698,2,Juniper Systems AR4,1.77552809045647,2.6,60.5190315,-150.867780333333,79.3,1.02999997138977,0.490000009536743,0.879999995231628,1,,,32,7/29/2025 7:24:22 PM,,,,,5889d926-8dac-48cd-a1b1-3c856cf25763,7/29/2025 7:24:27 PM,,,,BM,,,,,,,,,,,,0-1,SWD,Sand,Fine Organic,ft,,%,1,,,,end of stream,Y,estimated gradient,,,see downstream point for start time,,,,N,Y,,,,None,7/29/2025 7:25:40 PM,7/30/2025 7:17:54 AM,,,,did not capture any fish with electrophys hiing. high confidence that minnow trap would capture juvenile salmon. Electra fish all the way up to this location from last known AWC point from 2023,,,,,,,,,,,,,,,,,,,,,,,,,,-150.867780333171,60.5190314998128
60,0.020371999999824,0,92.4254641504522,2,Juniper Systems AR4,2.28035085019828,2.7,60.5191188333333,-150.861787833333,77.3,0.910000026226044,0.46000000834465,0.790000021457672,1,,,32,7/29/2025 7:59:03 PM,,,,,20baa2d0-bfd8-4d9f-aa49-2ac1efaeea7f,7/29/2025 7:59:07 PM,,LS,BR,BM,,,,,,,,,,,,1-2,SWD,Silt,Fine Organic,ft,,%,1,,Y,,,Y,,,,Upstream of 2023 awc,,,,,,,,,None,,7/29/2025 8:00:55 PM,,,,,,,,,,,,,,,,,,,,,,,,,,,,,,-150.861787833607,60.5191188331783
61,0.01851999999984,0,47.2073237315959,2,Juniper Systems AR4,1.56204993518133,2.2,60.5201821666667,-150.860450833333,79.9,0.889999985694885,0.46000000834465,0.759999990463257,1,,,32,7/29/2025 8:14:50 PM,,,,,b359631e-f415-4a1d-a0ca-6b6b4d78a25c,7/29/2025 8:14:53 PM,,BR,LS,BM,,,,,,,,,,,,0-1,SWD,Silt,Fine Organic,ft,,%,1,,,,end of stream,Y,becomes series of headwater feeder tribs Upstream of this point,,,textbook example of where meadow traps are probably most appropriate tool as opposed to electrophyser. Banks are very soft and footsteps likely spook fish away. recommend returning to minnow trap this point,,,,N,Y,,,,None,7/29/2025 8:16:54 PM,,,,,,,,,,,,,,,,,,,,,,,,,,,,,,,-150.86045083324,60.5201821667387
62,,,,1,,,,,,,,,,,,,,,,,,,8bb5f7d1-5209-42d3-8ee2-6dbcdd04841e,8/22/2025 9:43:48 PM,,,,Bm,,,,,,,,,,,,,,,,,,,,,,,see notes,Y,,,,"Set for lamprey, did not capture, located",,,8/22/2025 9:50:18 PM,Y,,,1,not recorded,Cottidae,8/22/2025 9:44:52 PM,8/22/2025 9:35:00 PM,not recorded,Gasterosteidae,,"Also captured horse hair worm, see pic",,3,,,,,,,,,,,,,,,,,,,,,,,,-150.754533535057,60.5368105858248
63,0.285207999997536,0,43.3562513416784,2,Juniper Systems AR4,0.642028036770981,0.95,60.5238323333333,-150.806871666667,70.6,0.920000016689301,0.509999990463257,0.769999980926514,1,,,32,8/22/2025 7:44:52 PM,,,,,f8ee035c-f9a8-4e29-82a9-8fda77a6b61d,8/22/2025 7:45:07 PM,,,,,,,,,,,,,,,,,,,,,,,,,,,,Y,,,placed three minnow traps downstream and three minute traps upstream of road crossing. here with group of nine volunteers and two dogs!,,,6,8/22/2025 7:47:26 PM,,,8/22/2025 10:24:37 PM,1,juvenile,Oncorhynchus kisutch,,,,,over 120 mm,,,,,,,,,,,,,,,,,,,,,,,,,,,-150.806871667027,60.523832333471
64,0.094451999999184,0,273.685861269795,2,Juniper Systems AR4,0.723463889907437,1.2,60.5493051666667,-150.7528925,67.4,0.930000007152557,0.5,0.790000021457672,1,,,32,8/22/2025 8:21:20 PM,,,,,cfa437dc-1569-4446-ba88-2a1dfbff5855,8/22/2025 8:22:35 PM,,,,,,,,,,,,,,,,,,,,,,,,,,,,Y,,,"4 traps upstream and 3 traps downstream, water is generally shallow, needed to find deep enough locations to place  traps",,,7,8/22/2025 8:23:23 PM,,,,,,None,,,,,,,,,,,,,,,,,,,,,,,,,,,,,,,,-150.752892499882,60.5493051664676
65,0,0,359.47029657839,2,Google Pixel 4a,2.82,3.29,60.5423732833333,-151.218556433333,1,0.9,0.6,0.7,1,,,22,10/2/2025 11:41:02 PM,,,,,8d25e7b0-d27e-426e-9403-bbe5949fec31,10/2/2025 11:41:10 PM,CH,BM,JH,BG,,,,,,,,,,,,,,,,,,,,,,,,Y,,,,,Most downstream,2,10/3/2025 11:43:35 PM,,,10/3/2025 11:17:17 PM,1,not recorded,Dallia pectoralis,,,adult,Cottidae,Euthanized,,,16,,,,,,,,,,,,,,,,,,,,,,,,-151.218556433759,60.5423732835192
66,0,0,13.2601403537201,2,Motorola moto g stylus,2.35,2.82,60.5423104166667,-151.218394516667,5.9,0.8,0.5,0.6,1,,,25,10/2/2025 11:46:36 PM,,,,,eb029be6-190e-45da-bad8-ccfd4599f691,10/2/2025 11:47:02 PM,CH,WK,Bm,Jh,,,,,,,,,,,,,,,,,,,,,,,,Y,,,,,,2,10/2/2025 11:47:57 PM,Y,,10/3/2025 11:46:35 PM,2,juvenile,Oncorhynchus kisutch,,,not recorded,Pungitius pungitius,,Muddy bottom,,6,,,4,not recorded,Cottidae,,,,,,,,,,,,,,,,,,,-151.218394516921,60.5423104164717
67,0,179.6484375,51.6758003234863,2,iPhone 13,3.77290943088536,3,60.5422911657071,-151.217940391213,2.39019393920898,,,,,,,,10/2/2025 11:51:58 PM,,,,,87484475-49b8-4555-99dc-e45d393816f0,10/2/2025 11:52:52 PM,CH,JH,WK ,BM,,,,,,,,,,,,,,,,,,,,,,,,Y,,,,,,2,10/2/2025 11:54:27 PM,,,10/3/2025 11:54:37 PM,2,not recorded,Pungitius pungitius,,,not recorded,Cottidae,,,,3,,,,,,,,,,,,,,,,,,,,,,,,-151.217940391595,60.5422911657167
68,0,0,332.165703594371,2,Motorola moto g stylus,3.29,3.29,60.5422709166667,-151.217612716667,4.4,1,0.7,0.7,1,,,14,10/2/2025 11:53:33 PM,,,,,b6744aa4-ef09-4f7b-a7cd-bbcdd7f4b77c,10/2/2025 11:56:00 PM,Wk,Ch,Jh,,,,,,,,,,,,,,,,,,,,,,,,,Y,,,Calm water above waterfall,,,2,10/2/2025 11:57:07 PM,Y,N,10/4/2025 12:08:10 AM,5,juvenile,Oncorhynchus kisutch,,,not recorded,Cottidae,,,,3,,,6,juvenile,Pungitius pungitius,,,,,,,,,,,,,,,,,,,-151.217612716722,60.5422709165395
69,2.777999999976,30.2,275.720772699028,2,Google Pixel 4a,2.82,3.29,60.5423451166667,-151.217527966667,2.8,0.9,0.6,0.7,1,,,21,10/2/2025 11:58:02 PM,,,,,61b1cee4-9863-41e7-8416-4c87d8aa2836,10/2/2025 11:58:05 PM,,,BM,BG,,,,,,,,,,,,,,,,,,,,,,,,Y,,,,,,2,10/2/2025 11:58:49 PM,Y,N,10/4/2025 12:13:09 AM,6,not recorded,Dallia pectoralis,,,not recorded,Cottidae,Euthanized,,,1,,,1,juvenile,Oncorhynchus kisutch,,,,,,,,,,,,,,,,,,,-151.217527966964,60.5423451164853
70,0,-1,314.013397216797,2,iPhone 13,3.51858290253911,3,60.542568882903,-151.217114913877,1.20507431030273,,,,,,,,10/3/2025 12:00:09 AM,,,,,e5f3dc85-a43c-4f7a-9a4f-96d437b1e7be,10/3/2025 12:00:25 AM,,CH,WK,,,,,,,,,,,,,,,,,,,,,,,,,Y,,,,,,2,10/3/2025 12:00:56 AM,N,N,10/4/2025 12:35:00 AM,,,None,,,,,,,,,,,,,,,,,,,,,,,,,,,,,,,,-151.217114913511,60.5425688829015
71,0.97200003862381,-1,294.806060791016,2,iPhone 13,2.84776736741648,4.02936443818856,60.5425407258197,-151.216868418734,-4.10220711212605,,,,,,,,10/3/2025 12:03:44 AM,,,,,1da3f32f-92c1-4849-87fb-ba0e0fe7e78e,10/3/2025 12:04:23 AM,,Bg,Jh,Bm,,,,,,,,,,,,,,,,,,,,,,,end of stream,Y,,,,,Most upstream,2,10/3/2025 12:04:52 AM,N,Y,10/4/2025 12:41:08 AM,,,None,,,,,," Return to this site to measure gradient, use as example of an eoa survey using traps ￼",,,,,,,,,,,,,,,,,,,,,,,,,,-151.216868418492,60.5425407257567
72,0,0,16.1502128113796,2,Motorola moto g stylus,2.82,3.76,60.5425873166667,-151.216976033333,-7,1,0.6,0.8,1,,,22,10/3/2025 12:07:38 AM,,,,,54541cf0-5cd9-4893-b57f-3671bf7ccf0f,10/3/2025 12:07:44 AM,BG,Ch,Jh,Bm,,,,,,,,,,,,,,,,,,,,,,,,Y,Very incised channel,,,,Most upstream,2,10/3/2025 12:08:41 AM,Y,N,10/4/2025 12:32:43 AM,6,juvenile,Dallia pectoralis,,,juvenile,Oncorhynchus kisutch,Euthanized,,,3,,,3,,Pungitius pungitius,,,,,,,,,,,,,,,,,,,-151.21697603307,60.5425873166579
